timestamp,hand,wrist_x,wrist_y,wrist_z,chin_x,chin_y,chin_z
1764618385.847,0,0.27348843216896057,0.8946314454078674,-3.207728127563314e-07,0.5973212122917175,0.3081602454185486,-0.0325300358235836
1764618386.944,0,0.2936530113220215,0.7423614859580994,7.776653632163288e-08,,,
1764618387.51,0,0.28892165422439575,0.7414972186088562,4.479483095565229e-08,,,
1764618390.231,0,0.30211079120635986,0.8290666341781616,1.4020488769972417e-08,,,
1764618390.797,0,0.7783505916595459,0.9117424488067627,2.4249163743661484e-07,0.5625865459442139,0.32580500841140747,-0.026556555181741714
1764618391.319,0,0.7789879441261292,0.9241472482681274,2.407576289442659e-07,0.5453367829322815,0.3310489356517792,-0.031094297766685486
1764618391.863,0,0.779376745223999,0.9165696501731873,2.668554088813835e-07,0.5565373301506042,0.33860501646995544,-0.026577290147542953
1764618392.399,0,0.7940507531166077,0.927625834941864,3.73843562329057e-07,0.5574134588241577,0.33260077238082886,-0.0389847457408905
1764618393.455,0,0.7910714745521545,0.9166898727416992,3.484759361072065e-07,,,
1764618394.008,0,0.7939498424530029,0.9208682179450989,3.528071204073058e-07,,,
1764618394.579,0,0.7922263741493225,0.918204665184021,3.975279696533107e-07,0.5482954382896423,0.3291366696357727,-0.026610659435391426
1764618395.118,0,0.7867814302444458,0.9130130410194397,3.985557839314424e-07,0.5509999990463257,0.32937490940093994,-0.0316142700612545
1764618395.646,0,0.795890748500824,0.916032075881958,4.074261994446715e-07,0.5537927746772766,0.3059653043746948,-0.040402814745903015
1764618396.188,0,0.8031688332557678,0.915282666683197,4.4474137439465267e-07,0.6132217049598694,0.2976604998111725,-0.04647507146000862
1764618396.723,0,0.22284939885139465,0.879340648651123,-2.5982072315855476e-07,0.6025347709655762,0.29315218329429626,-0.0442117303609848
1764618396.723,1,0.8239569664001465,0.8836939930915833,2.0080538831734884e-07,0.6025347709655762,0.29315218329429626,-0.0442117303609848
1764618397.226,0,0.8098719716072083,0.8927215337753296,2.1793591997720796e-07,0.5894131064414978,0.28011882305145264,-0.04216289892792702
1764618397.741,0,0.8192216753959656,0.8934531211853027,2.460713233176648e-07,0.5666541457176208,0.3617616593837738,-0.0008441422833129764
1764618398.257,0,0.8329111337661743,0.8920156955718994,3.7196249991211516e-07,0.5493261814117432,0.4049972593784332,0.002510528080165386
1764618398.764,0,0.8158817291259766,0.886192798614502,3.7304153011064045e-07,0.5521143078804016,0.4066803753376007,0.005489435978233814
1764618399.275,0,0.7988663911819458,0.8802611231803894,4.274507716672815e-07,0.5541177988052368,0.4053908586502075,0.007243250031024218
1764618399.785,0,0.7950101494789124,0.8795747756958008,4.4511378405331925e-07,0.5473801493644714,0.40554407238960266,-0.0012985592475160956
1764618400.297,0,0.2925909459590912,0.8373379111289978,9.5018526380386e-09,0.5675114393234253,0.40632787346839905,-0.008533941581845284
1764618400.297,1,0.7837720513343811,0.8878693580627441,4.716854675734794e-07,0.5675114393234253,0.40632787346839905,-0.008533941581845284
1764618400.823,0,0.7902708649635315,0.9208681583404541,3.157135495257535e-07,0.5743001699447632,0.39950212836265564,-0.0033557668793946505
1764618400.823,1,0.3031591475009918,0.8917933702468872,-4.508125872604296e-09,0.5743001699447632,0.39950212836265564,-0.0033557668793946505
1764618401.359,0,0.3018861413002014,0.8842024803161621,2.6207503722730507e-08,0.57701176404953,0.4008427858352661,-0.006938235834240913
1764618401.912,0,0.7765923738479614,0.9318994283676147,-1.7809819174985364e-09,0.5784213542938232,0.3976605236530304,-0.0020357093308120966
1764618401.912,1,0.3045620620250702,0.8619231581687927,8.631602810282857e-08,0.5784213542938232,0.3976605236530304,-0.0020357093308120966
1764618402.426,0,0.307829886674881,0.8639533519744873,1.2171175001185475e-07,0.5770158171653748,0.39811545610427856,-0.007152455858886242
1764618402.966,0,0.7802714705467224,0.9273558855056763,-1.9780761917331802e-08,0.5771994590759277,0.39677077531814575,-0.007404141128063202
1764618403.505,0,0.7662234902381897,0.9318273663520813,1.7280929398566514e-07,0.5789295434951782,0.40180882811546326,0.0020367519464343786
1764618403.505,1,0.2985391318798065,0.8526845574378967,-7.19353536737799e-08,0.5789295434951782,0.40180882811546326,0.0020367519464343786
1764618404.008,0,0.26814374327659607,0.8469017148017883,-5.405060932162087e-08,0.5682801008224487,0.4086519479751587,-0.001538304379209876
1764618404.533,0,0.8086402416229248,0.8737198114395142,2.5155557636935555e-07,0.571255624294281,0.40263670682907104,-0.005740554071962833
1764618405.044,0,0.24047476053237915,0.7638725638389587,-1.2645888602946798e-07,0.5709729790687561,0.40110746026039124,-0.009309777989983559
1764618405.044,1,0.8086618781089783,0.8984705209732056,2.3493505807437032e-07,0.5709729790687561,0.40110746026039124,-0.009309777989983559
1764618405.559,0,0.8009233474731445,0.9245508909225464,2.7266031565886806e-07,0.5677018761634827,0.40948423743247986,-0.007265461143106222
1764618406.081,0,0.798454999923706,0.9225834012031555,2.971859203171334e-07,0.566773533821106,0.41430455446243286,0.0025087217800319195
1764618406.081,1,0.7918941378593445,0.928687334060669,3.876693597248959e-07,0.566773533821106,0.41430455446243286,0.0025087217800319195
1764618406.606,0,0.7249327898025513,0.9194595813751221,2.346104821526751e-07,0.5684234499931335,0.41484007239341736,-0.0017733160639181733
1764618406.606,1,0.7146807909011841,0.9261977672576904,3.3083927064581076e-07,0.5684234499931335,0.41484007239341736,-0.0017733160639181733
1764618407.66,0,0.8533489108085632,0.8306148052215576,1.8710852600634098e-07,0.5675489902496338,0.4134291112422943,-0.006248457357287407
1764618407.66,1,0.8715067505836487,0.8210859298706055,4.2551147316771676e-07,0.5675489902496338,0.4134291112422943,-0.006248457357287407
1764618408.192,0,0.8984162211418152,0.8213726878166199,2.7481979714139015e-07,0.5714843273162842,0.41011807322502136,-0.0030809445306658745
1764618408.192,1,0.8610823154449463,0.8385874032974243,2.9462682960001985e-07,0.5714843273162842,0.41011807322502136,-0.0030809445306658745
1764618408.7,0,0.8527327179908752,0.8640415072441101,4.238724500282842e-07,0.57286536693573,0.4097288250923157,0.0015890192007645965
1764618408.7,1,0.8326157331466675,0.9038269519805908,2.446067810524255e-07,0.57286536693573,0.4097288250923157,0.0015890192007645965
1764618409.239,0,0.822287917137146,0.8925778269767761,2.9007742341491394e-07,0.5553287267684937,0.4007960855960846,-0.007860224694013596
1764618409.239,1,0.796134352684021,0.8970714211463928,3.570644366845954e-07,0.5553287267684937,0.4007960855960846,-0.007860224694013596
1764618409.784,0,0.781044065952301,0.8971317410469055,2.2595148152504407e-07,0.5496482849121094,0.4072163701057434,-0.0008153978269547224
1764618409.784,1,0.7774021625518799,0.8858457803726196,4.331450895733724e-07,0.5496482849121094,0.4072163701057434,-0.0008153978269547224
1764618410.329,0,0.7794793248176575,0.8984863758087158,3.608010104017012e-07,0.5557742118835449,0.4054441750049591,-0.0029084410052746534
1764618410.839,0,0.7703450322151184,0.9229462146759033,2.502584948160802e-07,0.5643212795257568,0.4089977741241455,-0.006227419245988131
1764618411.361,0,0.782039225101471,0.9152236580848694,2.4827340894262306e-07,0.5668179392814636,0.4111536145210266,0.0005688451346941292
1764618411.878,0,0.7399383783340454,0.8404605388641357,-2.867047044219362e-07,0.5597690939903259,0.4124545753002167,-0.001201276434585452
1764618412.426,0,0.7494553327560425,0.873153805732727,3.2276125239150133e-07,0.5702865123748779,0.4130099415779114,0.005119651556015015
1764618412.426,1,0.26167216897010803,0.6933203339576721,1.9405489126711473e-07,0.5702865123748779,0.4130099415779114,0.005119651556015015
1764618412.946,0,0.31470808386802673,0.730452299118042,1.3674998911028524e-07,0.5886193513870239,0.4170139729976654,0.0025281989946961403
1764618412.946,1,0.8034205436706543,0.8495288491249084,-3.1194505822895735e-07,0.5886193513870239,0.4170139729976654,0.0025281989946961403
1764618413.448,0,0.8538211584091187,0.898143470287323,2.063243300653994e-07,0.5746562480926514,0.41627705097198486,0.0019205458229407668
1764618415.544,0,0.26222941279411316,0.8413933515548706,-2.772261211703153e-07,0.5737002491950989,0.419645756483078,-0.007878280244767666
1764618417.101,0,0.1486564576625824,0.6874548196792603,6.745776914840462e-08,0.568530797958374,0.40670245885849,0.008208166807889938
1764618419.177,0,0.9320499300956726,0.8368587493896484,-2.6917636120060706e-08,0.5571457147598267,0.4106949269771576,0.0006516642752103508
1764618419.719,0,0.9261897206306458,0.8266236782073975,2.2605753713378363e-08,0.5622149705886841,0.40249401330947876,-0.00017948076128959656
1764618420.234,0,0.9274815320968628,0.7620511054992676,3.395434475805814e-07,0.5655120611190796,0.40387529134750366,-0.0029535565990954638
1764618420.738,0,0.933178722858429,0.7379775643348694,3.1017717105896736e-07,0.5696617364883423,0.4063829183578491,-0.0015749128069728613
1764618421.254,0,0.9441049098968506,0.7444108128547668,3.3259564702348143e-07,0.5706369280815125,0.40666714310646057,-0.00461595831438899
1764618421.792,0,0.9390727281570435,0.7648598551750183,3.619909989538428e-07,0.5745290517807007,0.4106575548648834,-0.0012320930836722255
1764618422.338,0,0.8310204148292542,0.7150875329971313,-3.265873544933129e-07,0.573230504989624,0.4052236080169678,0.0004393506678752601
1764618422.891,0,0.23992358148097992,0.7166755795478821,-2.3948702576603864e-08,0.5714848041534424,0.4075551927089691,0.009087597019970417
1764618422.891,1,0.8236697316169739,0.7982115745544434,-2.160209362500609e-07,0.5714848041534424,0.4075551927089691,0.009087597019970417
1764618423.433,0,0.22055092453956604,0.7820822596549988,6.535584873290645e-08,0.5738398432731628,0.40890026092529297,0.002523032482713461
1764618423.433,1,0.8191171288490295,0.802392840385437,-2.0934781730375107e-07,0.5738398432731628,0.40890026092529297,0.002523032482713461
1764618423.947,0,0.7892214059829712,0.9140267968177795,4.992594995201216e-07,0.5721845626831055,0.4086470901966095,0.009316139854490757
1764618425.495,0,0.29587292671203613,0.795825719833374,1.1771974328667056e-07,0.5821588039398193,0.4170175790786743,0.009215136989951134
1764618425.495,1,0.9117742776870728,0.7849613428115845,-1.1784948839022036e-07,0.5821588039398193,0.4170175790786743,0.009215136989951134
1764618426.018,0,0.44546860456466675,0.670030415058136,5.842837325076289e-08,0.6081835627555847,0.4214341342449188,0.008835917338728905
1764618426.018,1,0.9509701728820801,0.7203053832054138,-1.58015737383721e-07,0.6081835627555847,0.4214341342449188,0.008835917338728905
1764618427.034,0,0.4036290943622589,0.8604771494865417,-7.427897941170158e-08,0.6700915694236755,0.4629088342189789,-0.003977117594331503
1764618427.548,0,0.4329882264137268,0.8107231855392456,-8.461336875598136e-08,0.799304723739624,0.5310102105140686,0.008313305675983429
1764618428.053,0,0.4674384593963623,0.8692841529846191,-2.4168633672161377e-07,0.8076209425926208,0.5431381464004517,0.014119446277618408
1764618428.053,1,0.4621228277683258,0.8535524606704712,-2.1452553511380756e-08,0.8076209425926208,0.5431381464004517,0.014119446277618408
1764618428.553,0,0.4245760440826416,0.8583733439445496,-4.1450956445032716e-08,0.8078567981719971,0.5405216813087463,0.021602844819426537
1764618429.061,0,0.3939354121685028,0.8192929625511169,-2.0425632740739275e-08,0.7667157053947449,0.5225895047187805,0.011851807124912739
1764618430.129,0,0.4229540228843689,0.8253210783004761,-7.955560477057588e-08,0.7735059857368469,0.5200110077857971,0.014714169315993786
1764618430.667,0,0.40825605392456055,0.8208560347557068,7.961406822687422e-08,0.7515295147895813,0.5060945153236389,0.020429642871022224
1764618431.18,0,0.4586859941482544,0.8994249105453491,-5.225812227394044e-09,0.7557951807975769,0.5045300722122192,0.010055899620056152
1764618432.74,0,0.680564820766449,0.8866633176803589,3.374397579136712e-07,0.4829360246658325,0.40404751896858215,0.0015371496556326747
1764618432.74,1,0.6807342171669006,0.8812206387519836,4.59059094737313e-07,0.4829360246658325,0.40404751896858215,0.0015371496556326747
1764618433.267,0,0.5927958488464355,0.8853411674499512,4.583565100801934e-07,0.4358605146408081,0.40659207105636597,-0.00770938815549016
1764618433.779,0,0.5088896751403809,0.8839095830917358,4.5118054003978614e-07,0.3918812870979309,0.4120393395423889,-0.005753051955252886
1764618434.289,0,0.4491555690765381,0.8865108489990234,4.275926812624675e-07,0.3913361728191376,0.4185214042663574,-0.00659176055341959
1764618434.804,0,0.4550774097442627,0.8333627581596375,3.5425500755081885e-07,0.3833029270172119,0.4202747344970703,-0.0007475324673578143
1764618435.313,0,0.4609881043434143,0.830731987953186,4.09795831046722e-07,0.3765616714954376,0.42099109292030334,-0.0011857135687023401
1764618435.825,0,0.44268956780433655,0.8468901515007019,4.383443013011856e-07,0.3798474967479706,0.4234530031681061,-0.004663712345063686
1764618436.347,0,0.4686683714389801,0.8356432318687439,3.709311897637235e-07,0.38341304659843445,0.42176055908203125,-0.0044897873885929585
1764618436.849,0,0.48095130920410156,0.8537828922271729,4.2087177121175046e-07,0.38591817021369934,0.4239346981048584,-0.006512649357318878
1764618437.361,0,0.438445121049881,0.885005533695221,4.2376760234219546e-07,0.3852421045303345,0.4257493019104004,-0.004728176165372133
1764618437.873,0,0.47950783371925354,0.8587468266487122,4.047149957386864e-07,0.3800782263278961,0.42605060338974,-0.0011613693786785007
1764618438.386,0,0.47487613558769226,0.8791480660438538,4.356039084996155e-07,0.37835901975631714,0.42605361342430115,-9.437770495424047e-05
1764618438.914,0,0.5793293118476868,0.8918172121047974,2.69231776428569e-07,0.43351370096206665,0.4211729168891907,-0.0025614516343921423
1764618438.914,1,0.21860966086387634,0.6768229007720947,-3.196313613784696e-08,0.43351370096206665,0.4211729168891907,-0.0025614516343921423
1764618439.447,0,0.7165391445159912,0.8643834590911865,3.816694231772999e-07,0.5616860389709473,0.41976290941238403,-0.00499996030703187
1764618439.949,0,0.7256419062614441,0.8990452289581299,4.388312220271473e-07,0.5749132633209229,0.4262711703777313,0.0016683307476341724
1764618441.542,0,0.7785874009132385,0.8577734231948853,3.92746727584381e-07,0.5589544177055359,0.4210224747657776,0.013189546763896942
1764618442.087,0,0.23488031327724457,0.8353208303451538,2.409873900433013e-07,0.5617693662643433,0.43215930461883545,0.005903173703700304
1764618442.087,1,0.7788428664207458,0.8541058897972107,-2.1664868654625025e-07,0.5617693662643433,0.43215930461883545,0.005903173703700304
1764618442.626,0,0.7538674473762512,0.8917534947395325,2.6684389808906417e-07,0.559580385684967,0.43289685249328613,0.01095525175333023
1764618442.626,1,0.7823438048362732,0.8900591135025024,2.455106198340218e-07,0.559580385684967,0.43289685249328613,0.01095525175333023
1764618444.219,0,0.7573128342628479,0.7720500230789185,1.1163475477360407e-08,0.5579149723052979,0.4069213569164276,-0.003468737006187439
1764618444.743,0,0.7484776377677917,0.8431740999221802,-1.0740524203356472e-07,0.568742573261261,0.39233872294425964,0.0027831208426505327
1764618445.259,0,0.7288620471954346,0.87386155128479,2.951086628399935e-07,0.5652348399162292,0.40355396270751953,-0.005526602268218994
1764618445.259,1,0.26964065432548523,0.7605613470077515,3.451964047940237e-08,0.5652348399162292,0.40355396270751953,-0.005526602268218994
1764618447.924,0,0.18439079821109772,0.7147468328475952,7.776151278449106e-08,0.555954098701477,0.41591888666152954,0.0012202663347125053
1764618447.924,1,0.18504102528095245,0.7264731526374817,7.666233869940697e-08,0.555954098701477,0.41591888666152954,0.0012202663347125053
1764618451.049,0,0.7984464168548584,0.844360888004303,2.7406412073105457e-07,0.5693351030349731,0.4030986428260803,-0.002053217263892293
1764618451.564,0,0.8316859006881714,0.8317297697067261,3.5877937420991657e-07,0.5743474364280701,0.40343043208122253,0.0015394400106742978
1764618452.073,0,0.8117565512657166,0.8224916458129883,3.338801093377697e-07,0.5693979263305664,0.4042646288871765,0.00012965795758645982
1764618453.107,0,0.9373081922531128,0.8554373979568481,2.9424683134493534e-07,0.5888084769248962,0.40846073627471924,0.007433748338371515
1764618453.107,1,0.9375524520874023,0.919082760810852,9.299937886453336e-08,0.5888084769248962,0.40846073627471924,0.007433748338371515
1764618453.665,0,0.2794945538043976,0.6831575036048889,5.822104398589545e-08,0.5865186452865601,0.4129241108894348,0.006750273518264294
1764618453.665,1,0.8897353410720825,0.7609312534332275,2.13664947068537e-07,0.5865186452865601,0.4129241108894348,0.006750273518264294
1764618455.21,0,0.7543196082115173,0.8639941811561584,4.5067369569551374e-07,0.5667851567268372,0.4128081202507019,-0.00584716210141778
1764618455.721,0,0.2391921579837799,0.7560189962387085,5.2697121333267205e-08,0.5495509505271912,0.39727982878685,-0.0022043155040591955
1764618455.721,1,0.694634199142456,0.8913444876670837,4.416645822402643e-07,0.5495509505271912,0.39727982878685,-0.0022043155040591955
1764618456.778,0,0.7620373964309692,0.8442444801330566,3.1001937372820976e-07,0.5613764524459839,0.40013381838798523,-0.0009633662411943078
1764618459.384,0,0.9351715445518494,0.7981492877006531,2.9204676366134663e-07,0.5781720876693726,0.4243990182876587,0.009830772876739502
1764618460.432,0,0.7922022938728333,0.8842145204544067,1.7636695304190653e-07,0.5656799077987671,0.40228402614593506,0.005183747038245201
1764618461.509,0,0.5093053579330444,0.9641177654266357,3.710345595209219e-07,0.5467032194137573,0.401748389005661,-0.0032002287916839123
1764618461.509,1,0.17905500531196594,0.7294422388076782,1.4700314743265608e-08,0.5467032194137573,0.401748389005661,-0.0032002287916839123
1764618462.028,0,0.150957390666008,0.7413036227226257,1.5970329059200594e-07,0.5182063579559326,0.40008506178855896,-0.01213130820542574
1764618462.028,1,0.4911316931247711,0.9366071224212646,1.0089031121651715e-07,0.5182063579559326,0.40008506178855896,-0.01213130820542574
1764618462.569,0,0.12462900578975677,0.7276827096939087,-5.3410712297363716e-08,0.3294738233089447,0.4279502034187317,0.00421478133648634
1764618462.569,1,0.37242555618286133,0.8442659974098206,3.7128111785023066e-07,0.3294738233089447,0.4279502034187317,0.00421478133648634
1764618463.084,0,0.35528048872947693,0.8407085537910461,3.536311510288215e-07,0.30864548683166504,0.43189123272895813,0.00548976706340909
1764618463.601,0,0.1586158722639084,0.7288327813148499,8.304829179905937e-08,0.3458009362220764,0.414376437664032,0.006168324965983629
1764618463.601,1,0.397670179605484,0.8524659872055054,3.370536774127686e-07,0.3458009362220764,0.414376437664032,0.006168324965983629
1764618464.127,0,0.8980008363723755,0.8983913064002991,2.5008870352394297e-07,0.6120476722717285,0.44997432827949524,0.00868099182844162
1764618464.127,1,0.32734227180480957,0.8565279841423035,8.228950321154116e-08,0.6120476722717285,0.44997432827949524,0.00868099182844162
1764618467.209,0,0.15435706079006195,0.8329681158065796,2.1309642761480063e-07,,,
1764618469.819,0,0.2146531492471695,0.8017656207084656,1.4866789399547997e-07,,,
1764618472.905,0,0.8538867235183716,0.8765273094177246,3.214840944565367e-07,,,
1764618472.905,1,0.27016597986221313,0.7564514875411987,1.5674874731530508e-08,,,
1764618473.44,0,0.23324723541736603,0.755713701248169,-2.454322896028316e-07,0.5551530122756958,0.3907408118247986,0.01664585992693901
1764618473.44,1,0.22236305475234985,0.7558887600898743,-1.3918914021360251e-08,0.5551530122756958,0.3907408118247986,0.01664585992693901
1764618473.959,0,0.7617616057395935,0.8766806125640869,2.491073871624394e-07,0.5475273728370667,0.40502727031707764,0.016393357887864113
1764618473.959,1,0.18281063437461853,0.717047929763794,1.0451077514517237e-07,0.5475273728370667,0.40502727031707764,0.016393357887864113
1764618474.488,0,0.7683522701263428,0.8899742364883423,2.4175793100766896e-07,0.5535469055175781,0.403159499168396,0.009983792901039124
1764618474.991,0,0.20549404621124268,0.738518238067627,1.1095811203176709e-07,0.5597425103187561,0.4025404453277588,0.0017143599689006805
1764618475.517,0,0.174964040517807,0.7391511797904968,1.1367896846081749e-08,0.549436628818512,0.4118981659412384,-0.0018139067105948925
1764618476.07,0,0.7393674254417419,0.9321091175079346,5.2716615073222783e-08,0.5625728368759155,0.42923349142074585,-0.00185913045424968
1764618476.07,1,0.7341693639755249,0.9236686825752258,1.5283298182566796e-07,0.5625728368759155,0.42923349142074585,-0.00185913045424968
1764618476.571,0,0.203856959939003,0.7300733923912048,1.0778156678270534e-07,0.5470513701438904,0.4222731590270996,0.003960699774324894
1764618477.081,0,0.717964231967926,0.8090075254440308,-3.124872876014706e-07,0.5348778963088989,0.41175276041030884,-0.00693968590348959
1764618477.602,0,0.21007990837097168,0.7347067594528198,-2.902606865973212e-07,0.5448211431503296,0.41672348976135254,0.0022949802223592997
1764618477.602,1,0.7821379899978638,0.884851336479187,3.4365530154900625e-07,0.5448211431503296,0.41672348976135254,0.0022949802223592997
1764618477.602,2,0.7689459919929504,0.8822022080421448,3.4180325769739284e-07,0.5448211431503296,0.41672348976135254,0.0022949802223592997
1764618478.103,0,0.16918185353279114,0.7434908151626587,1.26494811070188e-07,0.5419793128967285,0.40959998965263367,-0.002769071375951171
1764618478.103,1,0.6920132637023926,0.889553427696228,4.81676465824421e-07,0.5419793128967285,0.40959998965263367,-0.002769071375951171
1764618478.614,0,0.10742157697677612,0.7306383848190308,2.0075548334830273e-08,0.5306916236877441,0.42363911867141724,-0.0012296901550143957
1764618478.614,1,0.6250813007354736,0.9406362771987915,2.2866646531838342e-07,0.5306916236877441,0.42363911867141724,-0.0012296901550143957
1764618479.13,0,0.8085638284683228,0.9245390892028809,2.881522789266455e-07,0.5500501990318298,0.41603168845176697,-0.001389050972647965
1764618479.653,0,0.9300025105476379,0.864734947681427,3.3866757576106465e-07,0.5554258227348328,0.4087231755256653,0.0017339751357212663
1764618479.653,1,0.16875386238098145,0.6714425086975098,-1.2799049597944645e-09,0.5554258227348328,0.4087231755256653,0.0017339751357212663
1764618480.166,0,0.8869079947471619,0.8113145232200623,3.67634754638857e-07,0.5507822036743164,0.39747294783592224,-0.006150572560727596
1764618480.701,0,0.2103188931941986,0.732608437538147,5.057031415844904e-08,0.557645857334137,0.39365285634994507,-0.00893910601735115
1764618480.701,1,0.8552392721176147,0.8345859050750732,3.3771780749702884e-07,0.557645857334137,0.39365285634994507,-0.00893910601735115
1764618481.213,0,0.8632259368896484,0.8454221487045288,3.1708458436696674e-07,0.5523192882537842,0.3877902328968048,-0.007228977046906948
1764618481.213,1,0.1784658133983612,0.7429839372634888,2.012943589591032e-08,0.5523192882537842,0.3877902328968048,-0.007228977046906948
1764618481.213,2,0.8348578810691833,0.8520104289054871,4.0428724901175883e-07,0.5523192882537842,0.3877902328968048,-0.007228977046906948
1764618482.78,0,0.9518037438392639,0.8730223774909973,3.0734463507542387e-07,0.5530927181243896,0.41560274362564087,-0.0031223921105265617
1764618483.323,0,0.2143596112728119,0.7610282301902771,9.943187251337804e-08,0.5563579797744751,0.4212082624435425,4.3920150346821174e-05
1764618483.838,0,0.18747305870056152,0.7580413222312927,6.56087095762814e-08,0.5497702956199646,0.4153071641921997,0.000669421220663935
1764618483.838,1,0.8124947547912598,0.879996657371521,2.8734717716361047e-07,0.5497702956199646,0.4153071641921997,0.000669421220663935
1764618484.365,0,0.8079755902290344,0.8830188512802124,2.5300693096141913e-07,0.5570078492164612,0.4154624938964844,-0.008218728005886078
1764618484.365,1,0.14068473875522614,0.7266353368759155,8.106713522693099e-09,0.5570078492164612,0.4154624938964844,-0.008218728005886078
1764618484.889,0,0.8171207308769226,0.9256609678268433,2.1149665485609148e-07,0.5704767107963562,0.42961710691452026,-0.0038462053053081036
1764618485.928,0,0.8567260503768921,0.8615976572036743,3.4508562407609134e-07,0.5641242265701294,0.4050179421901703,-0.006966517306864262
1764618486.985,0,0.18323352932929993,0.6560540795326233,2.9105954979513626e-08,0.5738981366157532,0.4326733648777008,0.0075048110447824
1764618489.076,0,0.931114137172699,0.7709582448005676,-6.45162572254776e-08,0.5957484245300293,0.42482107877731323,0.0010771064553409815
1764618490.633,0,0.3292088210582733,0.7618815898895264,-2.7277883418719284e-07,0.5862621068954468,0.4263466000556946,-0.0073896655812859535
1764618491.134,0,0.8612273335456848,0.8193051815032959,3.112539275207382e-07,0.5770689845085144,0.42658859491348267,0.0086649926379323
1764618492.188,0,0.8427470326423645,0.8589316606521606,3.140039268600958e-07,0.5763626098632812,0.43146151304244995,0.008383522741496563
1764618493.232,0,0.7636224627494812,0.8528083562850952,3.1751844176142185e-07,0.5624605417251587,0.4103022813796997,0.0009492135723121464
1764618493.762,0,0.701928973197937,0.9189878106117249,1.9237890569456795e-07,0.5555363893508911,0.40468740463256836,-0.0015076707350090146
1764618494.273,0,0.24713914096355438,0.8246244788169861,7.787421196780997e-08,0.5627199411392212,0.4110233187675476,0.0013666375307366252
1764618494.273,1,0.7347390055656433,0.8941246867179871,2.3319132935739617e-07,0.5627199411392212,0.4110233187675476,0.0013666375307366252
1764618494.821,0,0.7356999516487122,0.8819082379341125,2.354338590748739e-07,0.5601012110710144,0.40973392128944397,0.003771995659917593
1764618495.351,0,0.6986174583435059,0.8775571584701538,2.0236237219251052e-07,0.5581614971160889,0.41177400946617126,-0.0034229238517582417
1764618495.351,1,0.25622689723968506,0.8220864534378052,-1.1896796792143505e-07,0.5581614971160889,0.41177400946617126,-0.0034229238517582417
1764618495.351,2,0.6987299919128418,0.874578058719635,-2.492417934263358e-07,0.5581614971160889,0.41177400946617126,-0.0034229238517582417
1764618495.888,0,0.7017415165901184,0.9089179635047913,2.067253603854624e-07,0.5576324462890625,0.4134127199649811,0.002540096640586853
1764618495.888,1,0.7100417613983154,0.9469900131225586,3.3275588862125005e-07,0.5576324462890625,0.4134127199649811,0.002540096640586853
1764618496.404,0,0.702433168888092,0.9446970820426941,2.8898691084577877e-07,0.5513664484024048,0.4164716601371765,0.002403219463303685
1764618496.919,0,0.1957780122756958,0.6798872351646423,1.8867798434740735e-09,0.5627689957618713,0.40567290782928467,0.00032554668723605573
1764618497.445,0,0.7932009696960449,0.877956748008728,2.988282403748599e-07,0.574109673500061,0.4033665657043457,-0.006302635185420513
1764618497.445,1,0.2731081247329712,0.7357443571090698,-1.2986842534701282e-07,0.574109673500061,0.4033665657043457,-0.006302635185420513
1764618497.991,0,0.782764732837677,0.8723664283752441,3.876005507663649e-07,0.5683611035346985,0.4000891447067261,-0.003902169642969966
1764618497.991,1,0.2609429359436035,0.7279735803604126,-1.268015097366515e-07,0.5683611035346985,0.4000891447067261,-0.003902169642969966
1764618498.495,0,0.7825363874435425,0.8963903188705444,2.853398939350882e-07,0.5622262954711914,0.4079955220222473,-0.0025680505204945803
1764618499.511,0,0.9380990862846375,0.8142423033714294,3.36787252308568e-07,0.5825351476669312,0.417481005191803,-0.0022821580059826374
1764618500.058,0,0.9377995133399963,0.7621086239814758,2.460737391629664e-07,0.5807337760925293,0.41498470306396484,-0.007647684775292873
1764618500.058,1,0.22616365551948547,0.7015982270240784,1.281946566678016e-07,0.5807337760925293,0.41498470306396484,-0.007647684775292873
1764618500.572,0,0.8447487354278564,0.7575154304504395,-2.6948654863190313e-07,0.5635687708854675,0.39987730979919434,0.006723989732563496
1764618500.572,1,0.28512805700302124,0.6830333471298218,1.4121323488325288e-07,0.5635687708854675,0.39987730979919434,0.006723989732563496
1764618501.084,0,0.7966410517692566,0.8037192225456238,-3.0074286883063905e-07,0.5703455209732056,0.4167236089706421,0.0024239569902420044
1764618501.084,1,0.3140208125114441,0.7211409211158752,-6.472107827448781e-08,0.5703455209732056,0.4167236089706421,0.0024239569902420044
1764618501.598,0,0.7875925302505493,0.8834850788116455,3.632582945556351e-07,0.5676530003547668,0.4124210476875305,0.0022421458270400763
1764618501.598,1,0.8032379746437073,0.8780723214149475,2.425107652470615e-07,0.5676530003547668,0.4124210476875305,0.0022421458270400763
1764618502.155,0,0.6810632944107056,0.9078813195228577,2.0216280915974494e-07,0.5615407228469849,0.4210628867149353,-0.0005121523863635957
1764618502.155,1,0.6854172348976135,0.8908537030220032,3.9049305655680655e-07,0.5615407228469849,0.4210628867149353,-0.0005121523863635957
1764618503.188,0,0.8233433961868286,0.8580142259597778,3.5882433735423547e-07,0.5819215178489685,0.4077216386795044,-0.006677792873233557
1764618503.709,0,0.8222009539604187,0.861569344997406,3.0018003371878876e-07,0.566541314125061,0.4044495224952698,-0.004150755237787962
1764618503.709,1,0.8072035908699036,0.8581469655036926,3.073255072649772e-07,0.566541314125061,0.4044495224952698,-0.004150755237787962
1764618504.239,0,0.8268696069717407,0.8708920478820801,2.9863508643757086e-07,0.5728882551193237,0.41209137439727783,-0.003160902764648199
1764618504.239,1,0.8053439259529114,0.8736507296562195,2.0465640204747615e-07,0.5728882551193237,0.41209137439727783,-0.003160902764648199
1764618504.744,0,0.9498101472854614,0.8392115831375122,2.886950198899285e-07,0.5795024633407593,0.4037378132343292,0.0029094514902681112
1764618505.755,0,0.22409236431121826,0.6994038820266724,-2.2680548283915414e-07,0.5842901468276978,0.4048653841018677,-0.002959401113912463
1764618505.755,1,0.9686264991760254,0.7250122427940369,3.9639175497541146e-07,0.5842901468276978,0.4048653841018677,-0.002959401113912463
1764618506.272,0,0.8566428422927856,0.8332780003547668,3.713977321240236e-07,0.5700175166130066,0.40369075536727905,0.00320499949157238
1764618506.784,0,0.8075706958770752,0.8618108630180359,3.605431686537486e-07,0.5668095350265503,0.4067046046257019,0.0029155181255191565
1764618507.285,0,0.7484591007232666,0.866030216217041,4.372166984012438e-07,0.5624963045120239,0.4081413149833679,-0.010979654267430305
1764618507.793,0,0.25670626759529114,0.7534930109977722,8.320417776985778e-08,0.56464022397995,0.4006367623806,-0.003960323054343462
1764618507.793,1,0.7072157859802246,0.8806726336479187,4.000502542567119e-07,0.56464022397995,0.4006367623806,-0.003960323054343462
1764618508.333,0,0.7126604914665222,0.9091472625732422,1.452451527939047e-07,0.5676937103271484,0.40247413516044617,-0.0016385673079639673
1764618509.35,0,0.79001784324646,0.8739165663719177,2.849638462976145e-07,0.5686307549476624,0.40290868282318115,-0.007650602143257856
1764618509.881,0,0.7883381843566895,0.8770937323570251,3.008238422808063e-07,0.5682198405265808,0.4047560393810272,-0.004965259227901697
1764618510.413,0,0.8025516271591187,0.8792608380317688,3.230834408896044e-07,0.565345823764801,0.4089382290840149,-0.004748635925352573
1764618510.413,1,0.7897996306419373,0.8739667534828186,2.965148269140627e-07,0.565345823764801,0.4089382290840149,-0.004748635925352573
1764618510.936,0,0.7655448317527771,0.9148815274238586,2.5255553737224545e-07,0.5569383502006531,0.38561955094337463,-0.000745961326174438
1764618511.459,0,0.2584352493286133,0.8013189435005188,5.279052572859655e-08,,,
